INSERT INTO countries (id, code, name, flag_url)
VALUES (1, 'USA', 'United States', 'https://example.com/flag_usa.jpg'),
       (2, 'CAN', 'Canada', 'https://example.com/flag_canada.jpg'),
       (3, 'GBR', 'Great Britain', 'https://example.com/flag_uk.jpg'),
       (4, 'AUS', 'Australia', 'https://example.com/flag_australia.jpg'),
       (5, 'UKR', 'Ukraine', 'https://example.com/flag_ukraine.jpg'),
       (6, 'FRA', 'France', 'https://example.com/flag_france.jpg'),
       (7, 'GER', 'Germany', 'https://example.com/flag_germany.jpg'),
       (8, 'NLD', 'Netherlands', 'https://example.com/flag_netherlands.jpg'),
       (9, 'ITA', 'Italy', 'https://example.com/flag_italy.jpg'),
       (10, 'CHN', 'China', 'https://example.com/flag_china.jpg'),
       (11, 'JPN', 'Japan', 'https://example.com/flag_japan.jpg'),
       (12, 'IRN', 'Iran', 'https://example.com/flag_iran.jpg'),
       (13, 'IRL', 'Ireland', 'https://example.com/flag_ireland.jpg');

INSERT INTO movies (id, title_ukr, title_original, poster_url, year, dub_language, country_id, age_limit, duration,
                    imdb_rating, description, trailer_url, format, likes, dislikes, start_rental_date,
                    final_rental_date, created_at, updated_at, status)
VALUES (1, 'Наполеон', 'Napoleon',
        'https://i.ebayimg.com/images/g/V24AAOSwc49krXiC/s-l1200.jpg',
        2023, 'UKRAINIAN', 3, 'SIXTEEN_PLUS', 158, 6.4,
        'Історія стрімкого і безжального сходження Наполеона Бонапарта до титулу імператора, що розглядається через призму його захоплюючих і часто мінливих стосунків із дружиною та єдиною справжньою любов''ю — Жозефіною.',
        'https://www.youtube.com/watch?v=WPorDcjOyQg&ab_channel=B%26HFilmDistributionCompany', 'TWO_DIMENSIONAL', 0, 0,
        '2023-11-23', '2023-12-21',
        '2023-12-14 13:08:26.00', '2023-12-14 13:08:26.00', 'ACTIVE'),
       (2, 'Оппенгеймер', 'Oppenheimer',
        'https://uakino.club/uploads/mini/poster/96/791bb465734c97abf7ad4276783f4e.jpg',
        2023, 'UKRAINIAN', 1, 'SIXTEEN_PLUS', 180, 8.3,
        '"У центрі уваги творець ядерної бомби. В основу сюжету лягла книга "Американський Прометей". Герої сучасності наче міфічний атлант повернули людству блискавки великого Зевса. Генералом Леслі Гровсом головного за дослідження було призначено Роберта Оппенгеймера. Він брав участь у Манхеттенському проекті, де займався розробкою двох бомб, скинутих військовими США на території Хіросіми та Нагасакі. З того моменту суспільство називало його не інакше, як батько найбільш руйнівної зброї у світі. Після першого випробування під кодовою назвою "Трініті" вчений був сильно вражений. Він уявив себе Смертю, здатною руйнувати цілі світи. Чи змінилася його свідомість після трагічних подій у японських містах?',
        'https://www.youtube.com/watch?v=uYPbbksJxIg', 'TWO_DIMENSIONAL', 0, 0, '2023-06-21', '2023-12-17',
        '2023-12-14 13:13:58.00', '2023-12-14 13:13:58.00', 'ACTIVE');

INSERT INTO genres (id, name)
VALUES (1, 'Action'),
       (2, 'Adventure'),
       (3, 'Comedy'),
       (4, 'Drama'),
       (5, 'Fantasy'),
       (6, 'Horror'),
       (7, 'Mystery'),
       (8, 'Romance'),
       (9, 'Sci-Fi'),
       (10, 'Thriller'),
       (11, 'Crime'),
       (12, 'Animation'),
       (13, 'Family'),
       (14, 'History'),
       (15, 'Biography'),
       (16, 'Documentary'),
       (17, 'Musical'),
       (18, 'War'),
       (19, 'Sport'),
       (20, 'Western');

INSERT INTO movie_genres (movie_id, genre_id)
VALUES (1, 1),
       (1, 4),
       (1, 14),
       (1, 15),
       (2, 4),
       (2, 10),
       (2, 14),
       (2, 15),
       (2, 18);

INSERT INTO directors (id, first_name, middle_name, last_name, portrait_url, country_id)
VALUES (1, 'Christopher', NULL, 'Nolan', 'https://example.com/nolan_portrait.jpg', 3),
       (2, 'Steven', NULL, 'Spielberg', 'https://example.com/spielberg_portrait.jpg', 1),
       (3, 'Quentin', NULL, 'Tarantino', 'https://example.com/tarantino_portrait.jpg', 1),
       (4, 'Martin', NULL, 'Scorsese', 'https://example.com/scorsese_portrait.jpg', 1),
       (5, 'Hayao', NULL, 'Miyazaki', 'https://example.com/miyazaki_portrait.jpg', 11),
       (6, 'Stanley', NULL, 'Kubrick', 'https://example.com/kubrick_portrait.jpg', 1),
       (7, 'James', NULL, 'Cameron', 'https://example.com/cameron_portrait.jpg', 2),
       (8, 'Francis', 'Ford', 'Coppola', 'https://example.com/coppola_portrait.jpg', 1),
       (9, 'Alfred', NULL, 'Hitchcock', 'https://example.com/hitchcock_portrait.jpg', 3),
       (10, 'Ridley', NULL, 'Scott', 'https://example.com/scott_portrait.jpg', 3),
       (11, 'Paul', NULL, 'King', 'https://example.com/king_portrait.jpg', 3),
       (12, 'Benjamin', NULL, 'Renner', 'https://example.com/renner_portrait.jpg', 6),
       (13, 'James', NULL, 'Wan', 'https://example.com/wan_portrait.jpg', 4),
       (14, 'Bryce', NULL, 'McGuire', 'https://example.com/mcguire_portrait.jpg', 1),
       (15, 'Sven', NULL, 'Unterwaldt', 'https://example.com/unterwaldt_portrait.jpg', 7),
       (16, 'David', NULL, 'Ayer', 'https://example.com/ayer_portrait.jpg', 1),
       (17, 'Will', NULL, 'Gluck', 'https://example.com/gluck_portrait.jpg', 1),
       (18, 'Nicholas', NULL, 'Martin', 'https://example.com/martin_portrait.jpg', 3),
       (19, 'Matthew', NULL, 'Vaughn', 'https://example.com/vaughn_portrait.jpg', 3),
       (20, 'Stefano', NULL, 'Mordini', 'https://example.com/mordini_portrait.jpg', 9),
       (21, 'Roger', NULL, 'Kumble', 'https://example.com/kumble_portrait.jpg', 1);

INSERT INTO movie_directors (movie_id, director_id)
VALUES (1, 10),
       (2, 1);

INSERT INTO actors (id, first_name, middle_name, last_name, portrait_url, popularity, country_id)
VALUES (1, 'Tom', 'Hanks', 'Cruise', 'http://example.com/tom_cruise.jpg', 0, 1),
       (2, 'Brad', NULL, 'Pitt', 'http://example.com/brad_pitt.jpg', 0, 1),
       (3, 'Angelina', NULL, 'Jolie', 'http://example.com/angelina_jolie.jpg', 0, 2),
       (4, 'Leonardo', NULL, 'DiCaprio', 'http://example.com/leonardo_dicaprio.jpg', 0, 1),
       (5, 'Jennifer', NULL, 'Aniston', 'http://example.com/jennifer_aniston.jpg', 0, 1),
       (6, 'Robert', NULL, 'Downey Jr.', 'http://example.com/robert_downey_jr.jpg', 0, 1),
       (7, 'Scarlett', NULL, 'Johansson', 'http://example.com/scarlett_johansson.jpg', 0, 1),
       (8, 'Johnny', NULL, 'Depp', 'http://example.com/johnny_depp.jpg', 0, 1),
       (9, 'Meryl', NULL, 'Streep', 'http://example.com/meryl_streep.jpg', 0, 2),
       (10, 'Denzel', NULL, 'Washington', 'http://example.com/denzel_washington.jpg', 0, 3),
       (11, 'Timothée', 'Hal', 'Chalamet', 'http://example.com/timothée_chalamet.jpg', 1, 1),
       (12, 'Olivia', 'Sarah Caroline', 'Colman', 'http://example.com/olivia_colman.jpg', 2, 3),
       (13, 'Matthew', 'Richard', 'Lucas', 'http://example.com/matthew_lucas.jpg', 2, 3),
       (14, 'Rowan', 'Sebastian', 'Atkinson', 'http://example.com/rowan_atkinson.jpg', 1, 3),
       (15, 'Calah', 'Francie', 'Lane', 'http://example.com/calah_lane.jpg', 3, 1),
       (16, 'Keegan-Michael', NULL, 'Key', 'http://example.com/keegan_michael_key.jpg', 3, 1),
       (17, 'Joseph', NULL, 'Paterson', 'http://example.com/joseph_paterson.jpg', 3, 3),
       (18, 'Mathew', NULL, 'Baynton', 'http://example.com/mathew-baynton.jpg', 3, 3),
       (19, 'Sally', 'Cecilia', 'Hawkins', 'http://example.com/sally_hawkins.jpg', 3, 3),
       (20, 'Jim', 'James Edward', 'Carter', 'http://example.com/jim_carter.jpg', 3, 3),
       (21, 'Jason', NULL, 'Statham', 'http://example.com/jason_statham.jpg', 0, 3),
       (22, 'Jeremy', 'John', 'Irons', 'http://example.com/jeremy_irons.jpg', 1, 3),
       (23, 'Josh', 'Ryan', 'Hutcherson', 'http://example.com/josh_hutcherson.jpg', 1, 1),
       (24, 'Emmy', NULL, 'Raver-Lampman', 'http://example.com/emmy_raver_lampman.jpg', 2, 1),
       (25, 'Bobby', NULL, 'Naderi', 'http://example.com/bobby_naderi.jpg', 3, 12),
       (26, 'Minnie', 'Amelia Fiona', 'Driver', 'http://example.com/minnie_driver.jpg', 2, 3),
       (27, 'Phylicia', NULL, 'Rashad', 'http://example.com/phylicia_rashad.jpg', 3, 1),
       (28, 'Joaquin', 'Raphael', 'Phoenix', 'http://example.com/joaquin_phoenix.jpg', 0, 1),
       (29, 'Vanessa', 'Nuala', 'Kirby', 'http://example.com/vanessa_kirby.jpg', 1, 3),
       (30, 'Tahar', NULL, 'Rahim', 'http://example.com/tahar_rahim.jpg', 2, 6),
       (31, 'Ludivine', NULL, 'Sagnier', 'http://example.com/ludivine_sagnier.jpg', 2, 6),
       (32, 'Cillian', NULL, 'Murphy', 'http://example.com/cillian_murphy.jpg', 0, 13),
       (33, 'Emily', NULL, 'Blunt', 'http://example.com/emily_blunt.jpg', 1, 3),
       (34, 'Alden', 'Caleb', 'Ehrenreich', 'http://example.com/alden_ehrenreich.jpg', 2, 1);

INSERT INTO movie_actors (movie_id, actor_id)
VALUES (1, 28),
       (1, 29),
       (1, 30),
       (1, 31),
       (2, 32),
       (2, 33),
       (2, 6),
       (2, 34);

INSERT INTO cities (id, name, country_id)
VALUES (1, 'New York', 1),
       (2, 'Los Angeles', 1),
       (3, 'Chicago', 1),
       (4, 'Toronto', 2),
       (5, 'Vancouver', 2),
       (6, 'Montreal', 2),
       (7, 'London', 3),
       (8, 'Manchester', 3),
       (9, 'Birmingham', 3),
       (10, 'Sydney', 4),
       (11, 'Melbourne', 4),
       (12, 'Brisbane', 4),
       (13, 'Kyiv', 5),
       (14, 'Ternopil', 5),
       (15, 'Vinnytsia', 5),
       (16, 'Ivano-Frankivsk', 5),
       (17, 'Lviv', 5),
       (18, 'Rivne', 5),
       (19, 'Uzhhorod', 5),
       (20, 'Khmelnytskyi', 5),
       (21, 'Chernivtsi', 5),
       (22, 'Kolomyya', 5),
       (23, 'Kamianets-Podilskyi', 5),
       (24, 'Truskavets', 5),
       (25, 'Yaremche', 5),
       (26, 'Paris', 6),
       (27, 'Marseille', 6),
       (28, 'Lyon', 6),
       (29, 'Berlin', 7),
       (30, 'Hamburg', 7),
       (31, 'Frankfurt am Main', 7),
       (32, 'Amsterdam', 8),
       (33, 'Rotterdam', 8),
       (34, 'Breda', 8),
       (35, 'Rome', 9),
       (36, 'Milan', 9),
       (37, 'Venezia', 9),
       (38, 'Beijing', 10),
       (39, 'Shanghai', 10),
       (40, 'Guangzhou', 10),
       (41, 'Tokyo', 11),
       (42, 'Osaka', 11),
       (43, 'Kyoto', 11);

INSERT INTO locations (id, city_id, shopping_mall, address, details, created_at, updated_at)
VALUES (1, 13, 'ТРЦ Аладдін', 'вул. Михайла Гришка, 3А', NULL, '2020-06-14T09:30:00', '2021-10-19T14:15:00'),
       (2, 14, 'ТРЦ Подоляни', 'вул. Текстильна, 28ч,', 'Другий поверх', '2021-07-14T09:32:00', '2021-10-19T14:17:00');

INSERT INTO halls (id, location_id, name, type, created_at, updated_at)
VALUES (1, 1, 'Зал №1', 'DEFAULT', '2020-06-15T10:00:00', '2020-06-15T10:00:00'),
       (2, 1, 'Зал №2', 'DEFAULT', '2020-06-15T10:05:00', '2020-06-15T10:05:00'),
       (3, 1, 'Зал №3', 'DEFAULT', '2020-06-15T10:10:00', '2020-06-15T10:10:00'),
       (4, 1, 'Зал №4', 'DEFAULT', '2020-06-15T10:15:00', '2020-06-15T10:15:00'),
       (5, 1, 'ONYX', 'ONYX', '2020-06-15T10:20:00', '2020-06-15T10:20:00'),
       (6, 2, 'Зал №1', 'MIXED', '2021-07-15T09:00:00', '2021-07-15T09:00:00'),
       (7, 2, 'Зал №2', 'DEFAULT', '2021-07-15T09:05:00', '2021-07-15T09:05:00'),
       (8, 2, 'Зал №3', 'DEFAULT', '2021-07-15T09:10:00', '2021-07-15T09:10:00'),
       (9, 2, 'Зал №4', 'MIXED', '2021-07-15T09:15:00', '2021-07-15T09:15:00'),
       (10, 2, 'ONYX', 'ONYX', '2021-07-15T09:20:00', '2021-07-15T09:20:00');

INSERT INTO seat_rows (id, hall_id, number, type, capacity, price)
VALUES (1, 1, 1, 'DEFAULT', 16, 0),
       (2, 1, 2, 'DEFAULT', 18, 0),
       (3, 1, 3, 'DEFAULT', 18, 0),
       (4, 1, 4, 'DEFAULT', 18, 0),
       (5, 1, 5, 'DEFAULT', 18, 0),
       (6, 1, 6, 'DEFAULT', 18, 0),
       (7, 1, 7, 'DEFAULT', 18, 0),
       (8, 1, 8, 'DEFAULT', 18, 0),
       (9, 1, 9, 'DEFAULT', 18, 0),
       (10, 1, 10, 'DEFAULT', 21, 0),
       (11, 2, 1, 'DEFAULT', 16, 0),
       (12, 2, 2, 'DEFAULT', 16, 0),
       (13, 2, 3, 'DEFAULT', 16, 0),
       (14, 2, 4, 'DEFAULT', 16, 0),
       (15, 2, 5, 'DEFAULT', 16, 0),
       (16, 2, 6, 'DEFAULT', 16, 0),
       (17, 2, 7, 'DEFAULT', 16, 0),
       (18, 2, 8, 'DEFAULT', 16, 0),
       (19, 2, 9, 'DEFAULT', 19, 0),
       (20, 3, 1, 'DEFAULT', 17, 0),
       (21, 3, 2, 'DEFAULT', 17, 0),
       (22, 3, 3, 'DEFAULT', 17, 0),
       (23, 3, 4, 'DEFAULT', 17, 0),
       (24, 3, 5, 'DEFAULT', 16, 0),
       (25, 3, 6, 'DEFAULT', 15, 0),
       (26, 3, 7, 'DEFAULT', 15, 0),
       (27, 3, 8, 'DEFAULT', 15, 0),
       (28, 3, 9, 'DEFAULT', 15, 0),
       (29, 3, 10, 'DEFAULT', 15, 0),
       (30, 3, 11, 'DEFAULT', 17, 0),
       (31, 3, 12, 'DEFAULT', 21, 0),
       (32, 4, 1, 'DEFAULT', 17, 0),
       (33, 4, 2, 'DEFAULT', 17, 0),
       (34, 4, 3, 'DEFAULT', 17, 0),
       (35, 4, 4, 'DEFAULT', 18, 0),
       (36, 4, 5, 'DEFAULT', 18, 0),
       (37, 4, 6, 'DEFAULT', 18, 0),
       (38, 4, 7, 'DEFAULT', 18, 0),
       (39, 4, 8, 'DEFAULT', 18, 0),
       (40, 4, 9, 'DEFAULT', 21, 0),
       (41, 5, 1, 'LUXURY', 10, 0),
       (42, 5, 2, 'LUXURY', 10, 0),
       (43, 5, 3, 'LUXURY', 8, 0),
       (44, 5, 4, 'LUXURY', 8, 0),
       (45, 5, 5, 'LUXURY', 8, 0),
       (46, 6, 1, 'DEFAULT', 13, 0),
       (47, 6, 2, 'DEFAULT', 15, 0),
       (48, 6, 3, 'DEFAULT', 15, 0),
       (49, 6, 4, 'DEFAULT', 15, 0),
       (50, 6, 5, 'DEFAULT', 15, 0),
       (51, 6, 6, 'DEFAULT', 15, 0),
       (52, 6, 7, 'LUXURY', 12, 0),
       (53, 7, 1, 'DEFAULT', 13, 0),
       (54, 7, 2, 'DEFAULT', 15, 0),
       (55, 7, 3, 'DEFAULT', 15, 0),
       (56, 7, 4, 'DEFAULT', 15, 0),
       (57, 7, 5, 'DEFAULT', 15, 0),
       (58, 7, 6, 'DEFAULT', 15, 0),
       (59, 7, 7, 'DEFAULT', 15, 0),
       (60, 7, 8, 'DEFAULT', 16, 0),
       (61, 8, 1, 'DEFAULT', 13, 0),
       (62, 8, 2, 'DEFAULT', 15, 0),
       (63, 8, 3, 'DEFAULT', 15, 0),
       (64, 8, 4, 'DEFAULT', 15, 0),
       (65, 8, 5, 'DEFAULT', 15, 0),
       (66, 8, 6, 'DEFAULT', 15, 0),
       (67, 8, 7, 'DEFAULT', 15, 0),
       (68, 8, 8, 'DEFAULT', 16, 0),
       (69, 9, 1, 'DEFAULT', 13, 0),
       (70, 9, 2, 'DEFAULT', 15, 0),
       (71, 9, 3, 'DEFAULT', 15, 0),
       (72, 9, 4, 'DEFAULT', 15, 0),
       (73, 9, 5, 'DEFAULT', 15, 0),
       (74, 9, 6, 'DEFAULT', 15, 0),
       (75, 9, 7, 'LUXURY', 12, 0),
       (76, 10, 1, 'LUXURY', 9, 0),
       (77, 10, 2, 'LUXURY', 9, 0),
       (78, 10, 3, 'LUXURY', 9, 0),
       (79, 10, 4, 'LUXURY', 9, 0),
       (80, 10, 5, 'LUXURY', 11, 0);

INSERT INTO sessions (id, movie_id, hall_id, start_time, end_time, prices, created_at, updated_at, status)
VALUES (1, 1, 3, '2023-12-22T12:10:00', '2023-12-22T14:06:00', ARRAY [130], '2023-12-15T08:10:00',
        '2023-12-15T10:13:00',
        'UPCOMING'),
       (2, 2, 1, '2023-12-22T17:50:00', '2023-12-22T19:35:00', ARRAY [130], '2023-12-15T08:13:00',
        '2023-12-15T08:16:00',
        'UPCOMING'),
       (3, 2, 2, '2023-12-22T20:30:00', '2023-12-22T22:15:00', ARRAY [130], '2023-12-15T08:21:00',
        '2023-12-15T8:24:00',
        'UPCOMING'),
       (4, 1, 6, '2023-12-23T10:05:00', '2023-12-23T12:01:00', ARRAY [120, 230], '2023-12-16T12:48:00',
        '2023-12-16T12:48:00',
        'UPCOMING'),
       (5, 2, 8, '2023-12-23T13:10:00', '2023-12-23T15:05:00', ARRAY [120], '2023-12-16T12:52:00',
        '2023-12-16T12:55:00',
        'UPCOMING'),
       (6, 2, 8, '2023-12-23T16:00:00', '2023-12-23T17:50:00', ARRAY [130], '2023-12-16T13:28:00',
        '2023-12-16T13:31:00',
        'UPCOMING');

INSERT INTO users (id, first_name, last_name, email, password_hash, phone, role, avatar_url, registered_at, updated_at,
                   status)
VALUES (1, 'Miromax', 'Cinema', 'miromaxcinema@gmail.com',
        '809f6624fd6f4b707221b929360a67759e8d3d3f3041811046035466d6467984', '380974876985', 'ADMIN',
        'https://example/miromax_icon.png', '2020-06-14T00:00:00', '2021-03-08T15:27:00', 'ACTIVE'),
       (2, 'John', 'Doe', 'john.doe@gmail.com', 'bd07e489e4c07b48d139717d4c82f0a1a358e76f34b43204c16b1b18c4a9973a',
        '195626674976', 'USER', 'https://example.com/avatar1', '2020-06-14T00:00:00', '2021-03-08T15:27:00', 'ACTIVE'),
       (3, 'Alice', 'Smith', 'alice.smith@gmail.com',
        'f08d4534c0873f199d6fb4a9b14ec947ff9f9c5819c35f0b7bc34c696c0a87a5',
        '067648416816', 'MODERATOR', 'https://example.com/avatar2', '2020-06-14T00:00:00', '2021-03-08T15:27:00',
        'UNVERIFIED'),
       (4, 'Bob', 'Johnson', 'bob.johnson@gmail.com',
        '6c07f71b2f89a1254d1b8762b8741e3733ff8a89fc4bc97e11e0cb8b3d5c12c7',
        '17841634545', 'USER', 'https://example.com/avatar3', '2020-06-14T00:00:00', '2021-03-08T15:27:00', 'ACTIVE'),
       (5, 'Eva', 'Brown', 'eva.brown@gmail.com', 'af862166da4a82d8b077d1a1f888855cf1008909bf067cd9aa6109d5a3d7ec04',
        '23564546146', 'USER', 'https://example.com/avatar4', '2020-06-14T00:00:00', '2021-03-08T15:27:00',
        'UNVERIFIED'),
       (6, 'Michael', 'Miller', 'michael.miller@gmail.com',
        '8d853f029c361544642a2cd36c5b5f9c3d91317fb6a47d0a06e36c0cbb6c9ed2', '187689561648', 'MODERATOR',
        'https://example.com/avatar5', '2020-06-14T00:00:00', '2021-03-08T15:27:00', 'ACTIVE');

INSERT INTO comments (id, user_id, movie_id, content, written_at, updated_at, likes, dislikes, status)
VALUES (1, 6, 1, 'I can not wait to see this masterpiece!', '2023-12-14T18:28:12', '2023-12-14T18:28:12', 18, 0,
        'APPROVED'),
       (2, 4, 2, 'Another nice movie with Jason Statham', '2023-12-15T09:07:56', '2023-12-15T09:07:56', 6, 0,
        'APPROVED'),
       (3, 3, 2, 'Fghdfhiruhjkfhkjlvjdhhdkjbgjdhvkj', '2023-12-15T12:00:00', '2023-12-15T12:00:00', 0, 0, 'SPAM');

INSERT INTO bookings (id, session_id, user_id, seat_row_id, seat_number, price, created_at, updated_at, status)
VALUES (1, 1, 3, 20, 1, 130, '2023-12-14T11:37:02', '2023-12-14T11:37:02', 'PENDING'),
       (2, 1, 3, 20, 2, 130, '2023-12-14T11:37:02', '2023-12-14T11:37:02', 'PENDING'),
       (3, 1, 3, 20, 3, 130, '2023-12-14T11:37:02', '2023-12-14T11:37:02', 'PENDING'),
       (4, 1, 4, 21, 1, 130, '2023-12-14T13:49:18', '2023-12-14T13:49:18', 'CONFIRMED'),
       (5, 1, 4, 21, 2, 130, '2023-12-14T13:49:18', '2023-12-14T13:49:18', 'CONFIRMED'),
       (6, 1, 4, 21, 7, 130, '2023-12-14T13:49:18', '2023-12-14T13:49:18', 'CONFIRMED'),
       (7, 1, 4, 21, 8, 130, '2023-12-14T13:49:18', '2023-12-14T13:49:18', 'CONFIRMED');